TimeStamp,Tyl Y,Tyl X,Przod Y,Przod X
0.025665,1.524,24.09,1.5057,23.77
0.051144,1.5347,23.717,1.5173,23.412
0.076397,1.5056,23.104,1.4898,22.823
0.1014,1.4406,22.273,1.4269,22.023
0.12614,1.3469,21.26,1.3356,21.045
0.15062,1.2336,20.105,1.2246,19.925
0.17484,1.1097,18.851,1.1028,18.705
0.19881,0.98308,17.538,0.97796,17.422
0.22256,0.85979,16.202,0.8561,16.111
0.24609,0.74404,14.868,0.74145,14.8
0.26943,0.63831,13.559,0.63654,13.508
0.29259,0.54378,12.288,0.54259,12.25
0.31558,0.46065,11.063,0.45988,11.035
0.33842,0.38852,9.8875,0.38804,9.8681
0.36113,0.32666,8.763,0.32635,8.7496
0.3837,0.27413,7.6874,0.27395,7.6784
0.40616,0.23001,6.6571,0.22991,6.6513
0.4285,0.19337,5.6674,0.19332,5.6638
0.45074,0.16341,4.7129,0.16339,4.7108
0.47289,0.13942,3.7875,0.13941,3.7864
0.49493,0.12082,2.8849,0.12081,2.8844
0.51689,0.10714,1.9985,0.10714,1.9984
0.53876,0.098048,1.1217,0.098048,1.1217
0.56054,0.093331,0.24753,0.093331,0.24753
0.58224,0.093091,0.63109,0.093091,0.63109
0.60385,0.091072,1.5219,0.091072,1.5218
0.62538,0.086006,2.432,0.086007,2.4319
0.64682,0.077574,3.3695,0.077577,3.369
0.66818,0.065308,4.3426,0.065317,4.3415
0.68945,0.048568,5.3601,0.048589,5.3581
0.71062,0.026514,6.4313,0.026559,6.4277
0.7317,-0.0019291,7.5658,-0.0018406,7.56
0.75269,-0.038115,8.7736,-0.037953,8.7646
0.77357,-0.083714,10.065,-0.083432,10.051
0.79435,-0.14076,11.45,-0.14028,11.43
0.81502,-0.21165,12.938,-0.21088,12.91
0.83558,-0.29919,14.538,-0.29797,14.497
0.85603,-0.40647,16.253,-0.40457,16.198
0.87636,-0.53673,18.087,-0.53385,18.011
0.89657,-0.69308,20.033,-0.68878,19.931
0.91667,-0.87797,22.079,-0.8717,21.943
0.93665,-1.0925,24.2,-1.0836,24.023
0.95653,-1.3356,26.357,-1.3231,26.132
0.9763,-1.6027,28.498,-1.5857,28.215
0.99599,-1.8853,30.552,-1.8629,30.207
1.0156,-2.1701,32.439,-2.1417,32.029
1.0352,-2.4401,34.07,-2.4053,33.596
1.0547,-2.6964,35.356,-2.6558,34.826
1.0742,-2.9086,36.168,-2.8632,35.594
1.0937,-2.9229,36.141,-2.8762,35.559
1.1133,-2.7655,35.417,-2.7227,34.871
1.1328,-2.6661,35.089,-2.6255,34.561
1.1524,-2.6444,35.259,-2.6038,34.729
1.1718,-2.6962,35.902,-2.6535,35.35
1.1913,-2.8229,37.012,-2.7758,36.417
1.2106,-3.0309,38.593,-2.9766,37.931
1.2299,-3.331,40.656,-3.266,39.897
1.249,-3.7377,43.21,-3.6572,42.319
1.268,-4.2677,46.252,-4.1652,45.186
1.2869,-4.9362,49.754,-4.803,48.459
1.3057,-5.7788,53.636,-5.6038,52.051
1.3244,-6.9251,57.622,-6.6941,55.684
1.3431,-7.9594,60.273,-7.662,57.978
1.3619,-7.6786,58.555,-7.3991,56.381
1.3808,-6.8606,55.115,-6.6344,53.257
1.3998,-6.0817,51.73,-5.9012,50.159
1.4189,-5.3807,48.562,-5.2373,47.236
1.4381,-4.7745,45.712,-4.6598,44.587
1.4574,-4.2657,43.231,-4.1727,42.267
1.4768,-3.8495,41.14,-3.7726,40.301
1.4962,-3.5176,39.443,-3.4523,38.699
1.5156,-3.2613,38.132,-3.2042,37.457
1.5351,-3.0726,37.197,-3.0211,36.571
1.5546,-2.9455,36.63,-2.8974,36.034
1.5741,-2.8763,36.427,-2.8297,35.843
1.5936,-2.8665,36.588,-2.8198,36.001
1.613,-2.9637,37.107,-2.915,36.501
1.6324,-3.1372,37.822,-3.084,37.177
1.6518,-3.1962,37.989,-3.141,37.329
1.6713,-3.1397,37.621,-3.0864,36.977
1.6908,-3.0737,37.207,-3.0225,36.583
1.7102,-3.0051,36.786,-2.956,36.18
1.7297,-2.9373,36.375,-2.8902,35.788
1.7493,-2.8732,35.994,-2.828,35.424
1.7688,-2.8153,35.654,-2.7717,35.099
1.7883,-2.7651,35.368,-2.7229,34.826
1.8079,-2.7241,35.143,-2.683,34.611
1.8274,-2.6932,34.985,-2.6528,34.46
1.847,-2.6728,34.896,-2.633,34.376
1.8665,-2.6632,34.876,-2.6235,34.358
1.8861,-2.6643,34.924,-2.6245,34.404
1.9056,-2.6756,35.035,-2.6354,34.511
1.9251,-2.701,35.201,-2.6602,34.671
1.9447,-2.745,35.401,-2.7033,34.862
1.9642,-2.7641,35.536,-2.7215,34.989
1.9837,-2.7383,35.523,-2.6959,34.979
2.0032,-2.7385,35.706,-2.6958,35.157
2.0227,-2.7822,36.165,-2.7379,35.599
2.0421,-2.8703,36.896,-2.8229,36.301
2.0615,-3.0044,37.893,-2.9525,37.255
2.0808,-3.1871,39.149,-3.129,38.454
2.1001,-3.4209,40.65,-3.3545,39.883
2.1193,-3.7074,42.375,-3.6304,41.517
2.1384,-4.0462,44.286,-3.9558,43.32
2.1574,-4.4327,46.327,-4.326,45.237
2.1764,-4.8563,48.42,-4.7307,47.19
2.1953,-5.2985,50.46,-5.1518,49.082
2.2142,-5.7387,52.318,-5.5702,50.793
2.233,-6.2457,53.812,-6.0563,52.155
2.2519,-6.6402,54.264,-6.4315,52.506
2.271,-6.1839,51.713,-5.9996,50.124
2.2901,-5.2516,47.528,-5.116,46.262
2.3094,-4.483,43.876,-4.3823,42.859
2.3288,-3.8735,40.817,-3.7969,39.985
2.3483,-3.3971,38.315,-3.3371,37.619
2.3678,-3.0305,36.329,-2.9817,35.732
2.3874,-2.7541,34.817,-2.713,34.289
2.407,-2.5531,33.744,-2.517,33.263
2.4266,-2.4171,33.086,-2.384,32.634
2.4463,-2.3394,32.829,-2.3078,32.391
2.4659,-2.3173,32.973,-2.2857,32.533
2.4854,-2.3519,33.53,-2.3188,33.073
2.5049,-2.4483,34.527,-2.412,34.037
2.5244,-2.6169,36.007,-2.5751,35.462
2.5437,-2.8743,38.03,-2.824,37.403
2.5629,-3.2454,40.674,-3.182,39.927
2.5819,-3.7661,44.033,-3.6825,43.113
2.6008,-4.4853,48.211,-4.3704,47.043
2.6196,-5.4663,53.302,-5.3024,51.782
2.6381,-6.7818,59.362,-6.5417,57.345
2.6564,-8.5291,66.338,-8.1718,63.635
2.6746,-10.906,73.819,-10.373,70.205
2.6928,-13.353,79.519,-12.586,74.887
2.7111,-13.314,78.088,-12.548,73.517
2.7296,-11.762,72.629,-11.153,68.787
2.7482,-9.9883,66.279,-9.5394,63.22
2.767,-8.2635,59.76,-7.9492,57.413
2.786,-6.739,53.564,-6.5254,51.802
2.8051,-5.4696,47.965,-5.3261,46.652
2.8244,-4.4504,43.068,-4.3537,42.088
2.8439,-3.649,38.878,-3.5829,38.139
2.8634,-3.0255,35.348,-2.9794,34.781
2.8831,-2.5428,32.407,-2.5097,31.963
2.9029,-2.1694,29.983,-2.1449,29.628
2.9228,-1.8809,28.011,-1.8621,27.718
2.9427,-1.6584,26.433,-1.6435,26.186
2.9627,-1.4857,25.206,-1.4734,24.991
2.9827,-1.3176,24.301,-1.307,24.109
3.0027,-1.1852,23.788,-1.176,23.612
3.0227,-1.1791,24.114,-1.1697,23.935
3.0426,-1.2629,25.125,-1.252,24.925
3.0624,-1.3792,26.395,-1.3663,26.167
3.0821,-1.5322,27.931,-1.5164,27.665
3.1017,-1.73,29.757,-1.7101,29.441
3.1213,-1.9827,31.898,-1.9571,31.517
3.1407,-2.3027,34.377,-2.269,33.909
3.16,-2.7036,37.206,-2.6586,36.626
3.1791,-3.1995,40.385,-3.1386,39.659
3.1981,-3.8012,43.881,-3.7185,42.97
3.217,-4.5118,47.619,-4.3997,46.48
3.2358,-5.3191,51.467,-5.1692,50.057
3.2545,-6.1875,55.22,-5.9919,53.508
3.2731,-7.0521,58.609,-6.806,56.586
3.2916,-7.8207,61.323,-7.5258,59.02
3.3101,-8.3891,63.059,-8.0564,60.551
3.3287,-8.752,63.571,-8.4014,60.975
3.3473,-8.8359,62.364,-8.4871,59.809
3.3662,-7.8664,57.676,-7.5823,55.511
3.3852,-6.0728,50.372,-5.8984,48.863
3.4045,-4.7212,44.315,-4.6131,43.254
3.4239,-3.7654,39.592,-3.6949,38.817
3.4434,-3.086,35.95,-3.0375,35.36
3.463,-2.6011,33.189,-2.5657,32.721
3.4827,-2.2558,31.16,-2.2283,30.772
3.5024,-2.0139,29.758,-1.9913,29.42
3.5221,-1.8527,28.917,-1.8328,28.609
3.5419,-1.7585,28.606,-1.7399,28.31
3.5616,-1.726,28.827,-1.7073,28.53
3.5812,-1.7568,29.624,-1.7367,29.307
3.6008,-1.8621,31.083,-1.8387,30.727
3.6202,-2.0659,33.357,-2.0365,32.932
3.6394,-2.4153,36.694,-2.3748,36.151
3.6584,-2.9992,41.485,-2.9378,40.743
3.6771,-3.99,48.358,-3.8867,47.258
3.6954,-5.7323,58.303,-5.5377,56.533
3.7133,-8.9251,72.858,-8.5116,69.749
3.7308,-14.943,94.176,-13.96,88.265
3.7478,-26.243,124.46,-23.72,112.65
3.7647,-46.266,163.09,-39.591,139.54
3.7815,-72.99,196.17,-58.465,157.03
3.7985,-69.873,185.13,-56.348,149.03
3.8157,-47.617,147.59,-40.518,125.24
3.8334,-27.23,107.86,-24.565,96.997
3.8515,-14.631,76.609,-13.782,71.94
3.8701,-7.8729,54.524,-7.616,52.6
3.8891,-4.347,39.214,-4.2695,38.426
3.9084,-2.4754,28.414,-2.4519,28.091
3.9281,-1.4517,20.552,-1.4447,20.422
3.948,-0.87637,14.62,-0.87441,14.57
3.9681,-0.54882,9.9728,-0.54834,9.9558
3.9885,-0.36507,6.1935,-0.36498,6.189
4.009,-0.26969,3.0034,-0.26968,3.0028
4.0298,-0.23249,0.21081,-0.23249,0.21081
4.0507,-0.23201,2.3214,-0.23201,2.3214
4.0719,-0.21399,4.6958,-0.21399,4.6948
4.0932,-0.18012,6.9871,-0.18017,6.9832
4.1148,-0.13149,9.2554,-0.13165,9.2455
4.1367,-0.048733,11.547,-0.049169,11.527
4.1588,0.46953,13.91,0.46852,13.872
4.1809,1.2046,16.809,1.2013,16.726
4.2024,1.3664,16.612,1.3621,16.522
4.2235,1.083,11.978,1.0817,11.943
4.244,0.86688,6.2772,0.86672,6.2708
4.2639,0.81359,0.69163,0.81359,0.69159
4.2833,0.86854,9.6635,0.86856,9.6603
4.302,0.42562,21.696,0.42762,21.626
4.32,-1.1706,38.435,-1.1463,38.022
4.3374,-5.2731,61.938,-5.1072,60.289
4.3542,-14.117,93.546,-13.301,88.351
4.3707,-29.823,130.72,-26.874,117.77
4.3872,-49.82,160.87,-42.499,137.08
4.4039,-48.835,154.14,-41.686,131.37
4.4208,-34.726,127.61,-30.763,112.86
4.438,-23.654,103.78,-21.652,94.836
4.4554,-16.166,84.876,-15.166,79.503
4.473,-11.348,70.623,-10.83,67.308
4.4909,-8.2674,60.072,-7.9814,57.931
4.5088,-6.2729,52.302,-6.1031,50.841
4.5269,-4.9577,46.596,-4.8487,45.541
4.5451,-4.0768,42.443,-4.0011,41.635
4.5634,-3.483,39.486,-3.4264,38.832
4.5817,-3.088,37.488,-3.0423,36.928
4.6,-2.8385,36.292,-2.7989,35.787
4.6183,-2.7044,35.809,-2.6675,35.328
4.6366,-2.6708,35.996,-2.634,35.514
4.6548,-2.7356,36.86,-2.6963,36.351
4.673,-2.909,38.449,-2.864,37.883
4.691,-3.2155,40.86,-3.1603,40.2
4.709,-3.6996,44.25,-3.6272,43.437
4.7268,-4.4358,48.843,-4.3339,47.79
4.7444,-5.5634,54.944,-5.4098,53.513
4.7618,-7.4796,62.849,-7.2315,60.804
4.7792,-10.258,71.547,-9.8255,68.518
4.7965,-11.797,75.217,-11.237,71.61
4.8139,-11.553,73.549,-11.018,70.083
4.8315,-10.576,69.482,-10.124,66.443
4.8492,-9.1204,63.665,-8.7803,61.216
4.867,-7.4785,56.853,-7.2468,55.019
4.8851,-5.8922,49.735,-5.7471,48.443
4.9033,-4.5047,42.813,-4.4196,41.948
4.9217,-3.3683,36.383,-3.3212,35.828
4.9403,-2.4775,30.572,-2.4526,30.228
4.9591,-1.7993,25.395,-1.7868,25.19
4.9781,-1.2933,20.806,-1.2874,20.689
4.9972,-0.92196,16.731,-0.91931,16.668
5.0165,-0.65413,13.086,-0.65306,13.054
5.036,-0.46589,9.7877,-0.46552,9.7736
5.0556,-0.33964,6.7601,-0.33954,6.755
5.0754,-0.26301,3.934,-0.26299,3.9328
5.0953,-0.22777,1.2478,-0.22777,1.2478
5.1154,-0.23199,1.3532,-0.23199,1.3532
5.1357,-0.22918,3.9223,-0.22918,3.9218
5.1562,-0.20324,6.5009,-0.20326,6.4982
5.1769,-0.15325,9.1282,-0.15339,9.1198
5.1978,-0.076517,11.837,-0.076936,11.817
5.2191,0.031541,14.651,0.030469,14.612
5.2407,0.17757,17.584,0.17519,17.513
5.2626,0.37042,20.632,0.36565,20.511
5.285,0.62121,23.77,0.61234,23.578
5.3078,0.94305,26.955,0.92751,26.661
5.3311,1.349,30.122,1.3232,29.691
5.3549,1.847,33.194,1.8062,32.588
5.3792,2.4312,36.078,2.37,35.259
5.4037,3.1179,38.641,3.031,37.586
5.4283,4.0652,40.878,3.9461,39.573
5.4526,4.919,42.979,4.7541,41.398
5.4763,4.6186,41.291,4.4766,39.904
5.4997,3.9439,38.245,3.8427,37.174
5.5227,3.3576,35.456,3.2854,34.626
5.5454,2.8709,33.003,2.8184,32.351
5.5679,2.4775,30.911,2.4384,30.387
5.5902,2.1648,29.174,2.1347,28.742
5.6124,1.9194,27.771,1.8954,27.405
5.6346,1.729,26.677,1.709,26.358
5.6566,1.5836,25.868,1.5663,25.58
5.6787,1.4754,25.322,1.4598,25.055
5.7007,1.3985,25.022,1.384,24.767
5.7228,1.349,24.956,1.3348,24.704
5.7449,1.3239,25.113,1.3096,24.858
5.7671,1.322,25.489,1.3069,25.223
5.7894,1.3427,26.08,1.3263,25.795
5.8118,1.3868,26.885,1.3685,26.572
5.8345,1.4562,27.9,1.435,27.548
5.8574,1.5539,29.12,1.5287,28.716
5.8805,1.6846,30.534,1.654,30.063
5.9039,1.8547,32.125,1.8169,31.568
5.9277,2.0726,33.866,2.0252,33.2
5.9519,2.3618,35.718,2.3019,34.918
5.9764,2.9601,37.67,2.8832,36.703
6.001,3.9007,40.488,3.7847,39.216
6.0253,4.3573,41.692,4.2164,40.266
6.0494,4.1613,40.528,4.0358,39.231
6.0732,3.8777,39.063,3.7706,37.918
6.0967,3.5646,37.505,3.4751,36.508
6.12,3.2528,35.974,3.1786,35.109
6.1432,2.9633,34.561,2.9014,33.806
6.1662,2.7076,33.332,2.6552,32.664
6.1892,2.4908,32.329,2.4455,31.729
6.212,2.3142,31.582,2.2738,31.029
6.2349,2.1782,31.109,2.141,30.586
6.2578,2.1527,30.923,2.117,30.413
6.2807,2.295,31.227,2.2574,30.698
6.3036,2.4161,31.54,2.3756,30.988
6.3263,2.3855,31.1,2.347,30.571
6.3489,2.3103,30.426,2.275,29.933
6.3714,2.2065,29.598,2.1749,29.146
6.3938,2.0821,28.653,2.0545,28.246
6.416,1.9455,27.633,1.9218,27.271
6.4381,1.8039,26.574,1.7838,26.255
6.4601,1.6634,25.509,1.6465,25.229
6.4819,1.5283,24.465,1.5141,24.221
6.5037,1.5101,23.459,1.4982,23.245
6.5253,1.8728,22.707,1.8619,22.51
6.5463,2.0043,21.626,1.9932,21.441
6.5668,1.4729,15.922,1.4691,15.845
6.5866,0.96193,8.4148,0.96151,8.4014
6.606,0.69726,0.0333,0.69726,0.0333
6.6249,0.62906,9.4642,0.62908,9.4608
6.6433,0.073317,20.387,0.075174,20.325
6.6613,-1.194,32.972,-1.1781,32.686
6.6789,-3.4348,47.223,-3.3643,46.384
6.6962,-6.8685,62.568,-6.6499,60.67
6.7133,-11.529,77.277,-11.01,73.755
6.7304,-15.646,86.188,-14.721,81.003
6.7477,-14.197,80.875,-13.413,76.338
6.7651,-11.337,72.193,-10.819,68.841
6.7827,-9.3427,65.66,-8.9797,63.076
6.8003,-7.9934,61.013,-7.7204,58.912
6.8179,-7.125,58.006,-6.9029,56.195
6.8356,-6.634,56.475,-6.4375,54.812
6.8532,-6.4668,56.342,-6.2772,54.714
6.8708,-6.6148,57.63,-6.4146,55.926
6.8883,-7.1159,60.462,-6.8844,58.554
6.9056,-8.0656,65.076,-7.7723,62.79
6.9228,-9.6487,71.836,-9.242,68.91
6.9398,-12.333,81.148,-11.718,77.162
6.9567,-16.507,92.226,-15.482,86.491
6.9736,-19.53,98.419,-18.135,91.346
6.9906,-19.331,96.799,-17.963,89.88
7.0077,-17.686,91.502,-16.524,85.402
7.0249,-15.181,83.775,-14.304,78.842
7.0423,-12.412,74.89,-11.809,71.164
7.0598,-9.8192,65.912,-9.4316,63.231
7.0776,-7.6236,57.527,-7.3844,55.655
7.0955,-5.873,50.067,-5.7284,48.778
7.1135,-4.5247,43.617,-4.4377,42.734
7.1317,-3.5042,38.13,-3.4516,37.522
7.1501,-2.7368,33.498,-2.7045,33.076
7.1685,-2.1593,29.597,-2.1392,29.3
7.1871,-1.7225,26.308,-1.7097,26.096
7.2057,-1.3895,23.527,-1.3812,23.373
7.2245,-1.1333,21.165,-1.1278,21.051
7.2433,-0.93427,19.149,-0.93054,19.064
7.2621,-0.7537,17.42,-0.75113,17.356
7.2811,-0.54178,15.96,-0.54001,15.911
7.2999,-0.42714,15.141,-0.42586,15.102
7.3188,-0.44028,15.712,-0.43885,15.668
7.3376,-0.48937,16.75,-0.48757,16.699
7.3563,-0.55818,18.053,-0.55581,17.989
7.3749,-0.65357,19.672,-0.65032,19.591
7.3935,-0.78613,21.682,-0.78147,21.576
7.4119,-0.97241,24.187,-0.96543,24.043
7.4302,-1.2387,27.328,-1.2278,27.127
7.4484,-1.628,31.305,-1.61,31.012
7.4664,-2.2113,36.396,-2.1801,35.954
7.4841,-3.109,42.988,-3.052,42.294
7.5016,-4.526,51.608,-4.4157,50.473
7.5188,-6.8059,62.933,-6.5813,61.007
7.5357,-10.493,77.711,-10.016,74.352
7.5523,-16.332,96.463,-15.304,90.555
7.5687,-25.046,118.76,-22.889,108.64
7.5849,-36.716,141.81,-32.55,125.65
7.6012,-48.04,156.34,-41.325,134.3
7.6177,-42.232,142.1,-36.82,123.65
7.6345,-28.799,114.47,-26.043,103.28
7.6516,-18.12,88.714,-16.936,82.733
7.6691,-11.063,67.854,-10.597,64.855
7.6868,-6.7432,51.886,-6.5653,50.421
7.7048,-4.1534,39.822,-4.0861,39.114
7.7231,-2.593,30.629,-2.5678,30.288
7.7415,-1.6389,23.484,-1.6296,23.323
7.7602,-1.0466,17.787,-1.0433,17.714
7.779,-0.6762,13.113,-0.67515,13.083
7.798,-0.44684,9.1573,-0.44656,9.1461
7.8171,-0.31159,5.6965,-0.31154,5.6935
7.8364,-0.2434,2.5637,-0.24339,2.5633
7.8559,-0.23002,0.37109,-0.23002,0.37109
7.8755,-0.23524,3.2222,-0.23524,3.2221
7.8953,-0.052659,6.0808,-0.052676,6.0789
7.9152,0.26392,9.0959,0.26376,9.087
7.935,0.38782,10.506,0.3874,10.489
7.9547,0.35046,9.3636,0.35019,9.3517
7.9743,0.30266,7.8889,0.30251,7.8817
7.9939,0.25799,6.239,0.25793,6.2353
8.0133,0.22,4.4083,0.21999,4.4069
8.0325,0.19274,2.3916,0.19274,2.3913
8.0517,0.18078,0.18407,0.18078,0.18407
8.0707,0.18337,2.2178,0.18337,2.2177
8.0896,0.1578,4.8151,0.1578,4.8143
8.1084,0.095798,7.601,0.095848,7.5971
8.127,-0.0094484,10.561,-0.0092377,10.55
8.1455,-0.16394,13.67,-0.16331,13.646
8.1639,-0.37161,16.885,-0.37009,16.838
8.1822,-0.63267,20.143,-0.62951,20.063
8.2004,-0.94181,23.361,-0.93601,23.236
8.2184,-1.2867,26.435,-1.2771,26.255
8.2364,-1.6476,29.248,-1.633,29.004
8.2544,-2.0215,31.675,-2.0013,31.365
8.2723,-2.6099,33.539,-2.5837,33.166
8.2903,-3.0457,33.77,-3.0126,33.345
8.3086,-2.3808,28.297,-2.3613,28.019
8.3272,-1.4619,20.504,-1.4559,20.389
8.3461,-0.89006,13.788,-0.8886,13.75
8.3652,-0.5644,7.905,-0.56419,7.8965
8.3846,-0.41543,2.5979,-0.41542,2.5974
8.4042,-0.41284,2.3395,-0.41284,2.3394
8.4242,-0.39076,7.0853,-0.39078,7.0829
8.4445,-0.29041,11.76,-0.29068,11.744
8.4652,-0.11018,16.454,-0.1115,16.406
8.4864,0.16097,21.218,0.15679,21.106
8.5082,0.54373,26.054,0.53319,25.831
8.5306,1.069,30.917,1.0461,30.516
8.5537,1.7771,35.739,1.7323,35.076
8.5774,2.9161,40.451,2.8348,39.415
8.6015,4.778,45.947,4.6146,44.276
8.6253,6.4066,50.353,6.1266,48.012
8.6486,6.1449,48.697,5.8968,46.595
8.6715,5.4971,45.821,5.3051,44.101
8.6941,4.7973,42.722,4.6552,41.358
8.7163,4.1271,39.648,4.0243,38.581
8.7382,3.5304,36.761,3.4564,35.93
8.7599,3.0227,34.153,2.969,33.501
8.7814,2.6028,31.865,2.5632,31.345
8.8027,2.2619,29.903,2.232,29.481
8.824,1.9884,28.258,1.9651,27.908
8.8451,1.7712,26.913,1.7525,26.614
8.8661,1.6006,25.847,1.585,25.586
8.8871,1.4685,25.044,1.455,24.81
8.9081,1.3689,24.49,1.3568,24.272
8.9291,1.297,24.173,1.2857,23.966
8.9501,1.2497,24.091,1.2387,23.887
8.9711,1.225,24.243,1.2138,24.036
8.9922,1.2218,24.635,1.2101,24.419
9.0135,1.2579,25.278,1.2451,25.045
9.0348,1.4363,26.223,1.4215,25.961
9.0561,1.6909,27.561,1.6718,27.249
9.0775,1.8183,28.152,1.7968,27.814
9.0988,1.8621,28.2,1.8402,27.859
9.1201,1.8749,28.026,1.8533,27.69
9.1414,1.8551,27.627,1.8346,27.305
9.1625,1.804,27.015,1.7851,26.714
9.1836,1.7246,26.205,1.7078,25.931
9.2045,1.6219,25.223,1.6075,24.98
9.2254,1.5021,24.099,1.4901,23.887
9.2461,1.3714,22.861,1.3618,22.682
9.2667,1.2358,21.543,1.2282,21.393
9.2872,1.1003,20.17,1.0945,20.048
9.3076,0.96902,18.767,0.96468,18.67
9.3279,0.84487,17.355,0.84171,17.279
9.3481,0.72982,15.948,0.72757,15.889
9.3682,0.62495,14.558,0.62339,14.513
9.3882,0.53071,13.191,0.52966,13.158
9.4081,0.44708,11.852,0.4464,11.829
9.4279,0.37373,10.542,0.37331,10.525
9.4477,0.31017,9.2596,0.30991,9.2482
9.4674,0.25581,8.0015,0.25567,7.9941
9.487,0.21009,6.7633,0.21001,6.7589
9.5065,0.17248,5.5394,0.17245,5.5369
9.526,0.14258,4.3226,0.14257,4.3214
9.5454,0.12009,3.1052,0.12009,3.1047
9.5647,0.1049,1.8784,0.1049,1.8783
9.584,0.095339,0.63237,0.095339,0.63237
9.6031,0.048287,0.6434,0.048287,0.6434
9.6223,-0.00949,1.9305,-0.0094898,1.9305
9.6415,-0.020984,2.5941,-0.020983,2.5939
9.6606,-0.020892,2.5499,-0.020891,2.5497
9.6798,-0.020224,2.4655,-0.020223,2.4653
9.699,-0.019542,2.3774,-0.019542,2.3773
9.7182,-0.018852,2.2859,-0.018851,2.2857
9.7373,-0.018156,2.1909,-0.018155,2.1908
9.7565,-0.017459,2.0926,-0.017459,2.0925
9.7757,-0.016766,1.991,-0.016766,1.9909
9.7949,-0.016082,1.8864,-0.016081,1.8863
9.8141,-0.01541,1.7788,-0.01541,1.7787
9.8333,-0.014756,1.6683,-0.014755,1.6683
9.8526,-0.014123,1.5552,-0.014123,1.5552
9.8718,-0.013517,1.4396,-0.013517,1.4396
9.891,-0.012941,1.3217,-0.012941,1.3217
9.9102,-0.0124,1.2016,-0.0124,1.2016
9.9295,-0.011898,1.0796,-0.011898,1.0796
9.9487,-0.011438,0.95579,-0.011438,0.95577
9.968,-0.011023,0.83044,-0.011023,0.83043
9.9873,-0.010656,0.70376,-0.010656,0.70375
10.007,-0.01034,0.57595,-0.01034,0.57595
10.026,-0.010078,0.44723,-0.010078,0.44723
10.045,-0.0098706,0.31783,-0.0098706,0.31783
10.064,-0.0097197,0.18797,-0.0097197,0.18797
10.084,-0.0096261,0.057884,-0.0096261,0.057884
10.103,-0.0095945,0.072211,-0.0095945,0.072211
10.122,-0.009508,0.20209,-0.009508,0.20209
10.142,-0.0093307,0.33152,-0.0093307,0.33152
10.161,-0.0090638,0.46029,-0.0090638,0.46028
10.18,-0.008709,0.58816,-0.008709,0.58816
10.2,-0.0082687,0.71492,-0.0082687,0.71492
10.219,-0.0077456,0.84037,-0.0077456,0.84036
10.238,-0.0071431,0.96429,-0.0071431,0.96428
10.258,-0.006465,1.0865,-0.0064651,1.0865
10.277,-0.0057156,1.2068,-0.0057156,1.2067
10.296,-0.0048994,1.3249,-0.0048994,1.3249
10.316,-0.0040213,1.4408,-0.0040215,1.4408
10.335,-0.0030868,1.5543,-0.003087,1.5542
10.355,-0.0021012,1.6651,-0.0021014,1.665
10.374,-0.0010704,1.7732,-0.0010707,1.7731
10.393,-1.58E-07,1.8783,-4.78E-07,1.8782
10.413,0.0011035,1.9805,0.0011031,1.9804
10.432,0.0022345,2.0794,0.002234,2.0793
10.452,0.0033869,2.1752,0.0033863,2.175
10.471,0.0039615,2.2675,0.0039608,2.2674
10.49,-0.020466,2.3565,-0.020467,2.3563
10.51,-0.055282,2.4451,-0.055283,2.4449
10.529,-0.055249,2.8598,-0.05525,2.8596
10.549,-0.044704,3.7213,-0.044708,3.7207
10.569,-0.03084,4.6062,-0.03085,4.6051
10.588,-0.014111,5.4885,-0.014131,5.4866
10.608,0.0056326,6.3746,0.005594,6.3716
10.628,0.02862,7.2702,0.028552,7.2656
10.647,0.055159,8.1803,0.055048,8.1737
10.667,0.085631,9.1094,0.085458,9.1002
10.687,0.12049,10.061,0.12022,10.049
10.707,0.16024,11.039,0.15985,11.022
10.727,0.20546,12.046,0.2049,12.023
10.748,0.25676,13.081,0.25597,13.053
10.768,0.31476,14.147,0.31368,14.11
10.788,0.3801,15.241,0.37861,15.194
10.809,0.45332,16.359,0.45132,16.302
10.829,0.53487,17.498,0.53222,17.427
10.85,0.62499,18.649,0.62152,18.561
10.871,0.72362,19.802,0.71914,19.696
10.891,0.83027,20.944,0.82456,20.817
10.912,0.94401,22.059,0.93687,21.909
10.933,1.0998,23.128,1.0911,22.953
10.954,1.3303,24.202,1.3194,23.997
10.975,1.4741,24.96,1.461,24.729
10.996,1.4489,24.66,1.4362,24.437
11.017,1.396,24.176,1.3844,23.966
11.038,1.3408,23.672,1.3302,23.475
11.059,1.2845,23.155,1.2748,22.972
11.08,1.2281,22.635,1.2193,22.464
11.1,1.1726,22.117,1.1646,21.959
11.121,1.1187,21.608,1.1115,21.461
11.142,1.067,21.112,1.0604,20.975
11.162,1.0177,20.633,1.0117,20.506
11.183,0.97133,20.176,0.96587,20.057
11.204,0.92789,19.741,0.92291,19.631
11.224,0.8875,19.331,0.88295,19.228
11.245,0.85019,18.948,0.846,18.851
11.265,0.8159,18.591,0.81204,18.5
11.286,0.78457,18.262,0.78099,18.176
11.306,0.75609,17.96,0.75276,17.879
11.326,0.73037,17.686,0.72724,17.608
11.347,0.70726,17.439,0.70432,17.365
11.367,0.68665,17.219,0.68387,17.148
11.387,0.66842,17.025,0.66577,16.957
11.408,0.65244,16.857,0.6499,16.791
11.428,0.63861,16.714,0.63616,16.649
11.449,0.6268,16.596,0.62443,16.532
11.469,0.61694,16.501,0.61463,16.438
11.489,0.60728,16.429,0.60501,16.367
11.51,0.5873,16.377,0.58507,16.316
11.53,0.56813,16.349,0.56595,16.289
11.55,0.56535,16.483,0.56312,16.421
11.571,0.57359,16.753,0.57122,16.689
11.591,0.58838,17.113,0.58581,17.044
11.612,0.61,17.564,0.60716,17.49
11.632,0.63896,18.109,0.63576,18.028
11.653,0.676,18.75,0.67232,18.66
11.673,0.72208,19.492,0.71779,19.391
11.694,0.77844,20.338,0.77334,20.222
11.715,0.84655,21.293,0.84042,21.159
11.736,0.92822,22.358,0.92074,22.202
11.757,1.0255,23.535,1.0163,23.352
11.778,1.1409,24.824,1.1293,24.607
11.799,1.2768,26.22,1.2623,25.961
11.821,1.436,27.712,1.4178,27.403
11.843,1.6211,29.285,1.598,28.915
11.865,1.8338,30.913,1.8046,30.471
11.887,2.0747,32.564,2.038,32.038
11.909,2.362,34.193,2.3163,33.573
11.931,2.8567,35.8,2.7998,35.073
11.954,3.4539,37.694,3.3775,36.81
11.976,3.5708,37.688,3.4912,36.795
11.998,3.3515,36.261,3.2834,35.471
12.02,3.0769,34.56,3.0212,33.884
12.041,2.776,32.696,2.7317,32.131
12.063,2.4707,30.756,2.4365,30.292
12.084,2.1775,28.813,2.1515,28.436
12.105,1.9064,26.921,1.8869,26.617
12.126,1.6625,25.116,1.648,24.873
12.147,1.4474,23.422,1.4366,23.227
12.167,1.2603,21.851,1.2522,21.694
12.188,1.0989,20.405,1.0928,20.28
12.208,0.96054,19.085,0.95596,18.983
12.229,0.84239,17.884,0.8389,17.801
12.249,0.74164,16.797,0.73896,16.729
12.269,0.65575,15.815,0.65367,15.759
12.289,0.5825,14.932,0.58086,14.884
12.31,0.51995,14.138,0.51865,14.098
12.33,0.46454,13.428,0.46349,13.394
12.35,0.38534,12.794,0.38448,12.765
12.37,0.31265,12.224,0.31198,12.199
12.39,0.29611,12.101,0.29549,12.078
12.41,0.30751,12.358,0.30684,12.333
12.43,0.32107,12.645,0.32032,12.618
12.45,0.33606,12.953,0.33524,12.924
12.47,0.35261,13.281,0.3517,13.25
12.49,0.37083,13.63,0.36982,13.597
12.511,0.39086,14.001,0.38974,13.964
12.531,0.41283,14.393,0.41157,14.353
12.551,0.43688,14.806,0.43547,14.763
12.571,0.46315,15.241,0.46156,15.193
12.592,0.49177,15.696,0.48998,15.643
12.612,0.52288,16.171,0.52086,16.113
12.632,0.55659,16.664,0.5543,16.601
12.653,0.59298,17.175,0.59038,17.106
12.673,0.63211,17.701,0.62916,17.625
12.694,0.67397,18.239,0.67064,18.156
12.714,0.71851,18.786,0.71474,18.694
12.735,0.76559,19.338,0.76133,19.238
12.756,0.81497,19.89,0.81017,19.78
12.776,0.8663,20.437,0.86091,20.318
12.797,0.91928,20.973,0.91327,20.843
12.818,0.99869,21.489,0.99202,21.348
12.839,1.1185,22.023,1.1109,21.869
12.86,1.1837,22.328,1.1754,22.165
12.88,1.162,22.015,1.1542,21.859
12.901,1.1239,21.571,1.1166,21.424
12.922,1.0796,21.07,1.073,20.933
12.942,1.0306,20.521,1.0247,20.396
12.963,0.97824,19.935,0.97297,19.82
12.983,0.92375,19.32,0.91911,19.216
13.004,0.86831,18.684,0.86427,18.591
13.024,0.81294,18.037,0.80944,17.953
13.045,0.75847,17.385,0.75546,17.31
13.065,0.70557,16.734,0.70299,16.667
13.085,0.65473,16.089,0.65255,16.03
13.105,0.60634,15.455,0.60448,15.403
13.126,0.56061,14.835,0.55904,14.789
13.146,0.51768,14.232,0.51636,14.192
13.166,0.4776,13.648,0.47648,13.613
13.186,0.44033,13.084,0.43939,13.053
13.206,0.40581,12.541,0.40502,12.514
13.226,0.37393,12.02,0.37326,11.996
13.246,0.34455,11.521,0.344,11.5
13.266,0.31754,11.043,0.31707,11.025
13.286,0.29273,10.587,0.29234,10.571
13.306,0.26984,10.152,0.26951,10.137
13.325,0.2289,9.7367,0.22862,9.7242
13.345,0.16372,9.3289,0.1635,9.3181
13.365,0.14029,9.1619,0.14009,9.1521
13.385,0.14953,9.534,0.14931,9.523
13.405,0.16421,10.011,0.16393,9.9987
13.425,0.18133,10.537,0.18099,10.522
13.445,0.20132,11.114,0.20091,11.096
13.465,0.22471,11.749,0.22419,11.728
13.485,0.25213,12.446,0.25147,12.422
13.505,0.28434,13.214,0.2835,13.184
13.526,0.32228,14.057,0.3212,14.021
13.546,0.36706,14.984,0.36566,14.94
13.566,0.42006,16.002,0.41824,15.948
13.587,0.48292,17.119,0.48051,17.053
13.607,0.55758,18.341,0.5544,18.259
13.628,0.64639,19.675,0.64214,19.573
13.649,0.75205,21.125,0.74635,20.996
13.67,0.87768,22.69,0.87,22.529
13.691,1.0267,24.368,1.0164,24.165
13.713,1.2029,26.147,1.1889,25.893
13.734,1.4097,28.009,1.3909,27.692
13.756,1.6499,29.926,1.625,29.531
13.778,1.9248,31.859,1.8919,31.372
13.801,2.2322,33.755,2.1895,33.163
13.823,2.6299,35.545,2.5757,34.838
13.846,3.2411,37.371,3.1709,36.524
13.868,3.75,38.915,3.6599,37.925
13.89,3.6578,38.041,3.5744,37.117
13.912,3.3943,36.443,3.3245,35.638
13.934,3.0916,34.64,3.0351,33.957
13.956,2.7754,32.731,2.7309,32.162
13.977,2.4655,30.797,2.4312,30.33
13.998,2.1752,28.901,2.1489,28.521
14.019,1.9116,27.088,1.8917,26.779
14.04,1.6777,25.386,1.6625,25.135
14.061,1.4733,23.81,1.4617,23.605
14.082,1.2966,22.366,1.2878,22.198
14.103,1.145,21.055,1.1382,20.916
14.123,1.0155,19.872,1.0102,19.757
14.144,0.9052,18.811,0.90095,18.714
14.164,0.81135,17.864,0.80794,17.782
14.184,0.73159,17.025,0.7288,16.954
14.205,0.66381,16.285,0.66151,16.224
14.225,0.60627,15.637,0.60433,15.583
14.245,0.55748,15.076,0.55582,15.028
14.265,0.51619,14.596,0.51475,14.553
14.285,0.48141,14.193,0.48014,14.153
14.306,0.452,13.863,0.45085,13.826
14.326,0.42026,13.604,0.4192,13.57
14.346,0.39375,13.412,0.39277,13.379
14.366,0.38772,13.376,0.38676,13.344
14.386,0.39285,13.476,0.39187,13.443
14.406,0.39888,13.588,0.39786,13.554
14.426,0.40534,13.706,0.40428,13.671
14.447,0.41225,13.831,0.41116,13.795
14.467,0.41964,13.963,0.4185,13.926
14.487,0.42752,14.101,0.42634,14.063
14.507,0.43592,14.246,0.43469,14.207
14.527,0.44486,14.398,0.44357,14.358
14.548,0.45435,14.557,0.453,14.515
14.568,0.46442,14.723,0.463,14.679
14.588,0.47507,14.895,0.47358,14.85
14.608,0.48631,15.073,0.48475,15.027
14.629,0.49816,15.258,0.49653,15.21
14.649,0.51062,15.448,0.5089,15.398
14.669,0.52369,15.644,0.52187,15.592
14.69,0.53735,15.845,0.53544,15.79
14.71,0.55159,16.049,0.54958,15.993
14.73,0.56639,16.258,0.56427,16.199
14.751,0.58172,16.468,0.57947,16.407
14.771,0.59752,16.681,0.59515,16.617
14.791,0.61373,16.894,0.61124,16.828
14.812,0.6303,17.107,0.62767,17.037
14.832,0.64713,17.317,0.64436,17.245
14.853,0.66412,17.525,0.66121,17.45
14.873,0.68115,17.727,0.6781,17.65
14.894,0.6981,17.923,0.6949,17.843
14.914,0.71481,18.111,0.71147,18.028
14.935,0.73112,18.289,0.72764,18.203
14.955,0.74685,18.455,0.74323,18.367
14.976,0.76182,18.607,0.75807,18.517
14.996,0.77584,18.744,0.77196,18.651
15.017,0.78869,18.863,0.78471,18.769
15.037,0.80057,18.963,0.79649,18.867
15.058,0.82471,19.043,0.82056,18.945
15.079,0.85453,19.117,0.85025,19.018
15.099,0.85164,19.028,0.84739,18.93
15.12,0.82297,18.731,0.81899,18.637
15.14,0.79513,18.444,0.79141,18.355
15.161,0.76984,18.182,0.76633,18.097
15.181,0.74704,17.947,0.74373,17.865
15.201,0.72668,17.738,0.72353,17.66
15.222,0.70869,17.556,0.70568,17.48
15.242,0.69301,17.4,0.69011,17.326
15.263,0.67956,17.271,0.67675,17.198
15.283,0.66827,17.167,0.66554,17.096
15.304,0.65909,17.089,0.65642,17.02
15.324,0.65196,17.037,0.64932,16.968
15.344,0.64682,17.01,0.64421,16.942
15.365,0.64364,17.008,0.64103,16.939
15.385,0.64238,17.029,0.63976,16.961
15.406,0.64301,17.075,0.64037,17.006
15.426,0.6455,17.143,0.64282,17.074
15.446,0.64983,17.235,0.6471,17.163
15.467,0.656,17.347,0.6532,17.275
15.487,0.66399,17.482,0.6611,17.407
15.508,0.67377,17.636,0.67078,17.56
15.528,0.68535,17.809,0.68224,17.731
15.549,0.69869,18.001,0.69544,17.92
15.569,0.71376,18.21,0.71036,18.126
15.59,0.73053,18.433,0.72695,18.346
15.61,0.74894,18.671,0.74517,18.58
15.631,0.7689,18.92,0.76492,18.825
15.651,0.79032,19.179,0.7861,19.08
15.672,0.81305,19.444,0.80859,19.341
15.693,0.83694,19.714,0.83222,19.606
15.713,0.86177,19.985,0.85677,19.872
15.734,0.88729,20.254,0.88199,20.137
15.755,0.91319,20.517,0.9076,20.395
15.776,0.94485,20.771,0.93896,20.644
15.796,1.0047,21.02,0.99848,20.887
15.817,1.0451,21.241,1.0384,21.103
15.838,1.0257,21.09,1.0192,20.954
15.858,0.99313,20.853,0.98697,20.722
15.879,0.96749,20.686,0.96156,20.559
15.9,0.94855,20.59,0.94276,20.465
15.92,0.93612,20.565,0.9304,20.441
15.941,0.93013,20.61,0.92438,20.485
15.962,0.93057,20.727,0.92471,20.6
15.983,0.93753,20.916,0.93148,20.786
16.003,0.95122,21.179,0.94488,21.044
16.024,0.97193,21.515,0.96519,21.374
16.045,1.0001,21.927,0.9928,21.777
16.066,1.0361,22.414,1.0282,22.254
16.087,1.0807,22.978,1.072,22.805
16.108,1.1346,23.618,1.1248,23.43
16.129,1.1985,24.334,1.1874,24.126
16.15,1.2732,25.121,1.2606,24.892
16.172,1.3596,25.977,1.3451,25.722
16.193,1.4583,26.893,1.4416,26.608
16.214,1.57,27.861,1.5506,27.541
16.236,1.7297,28.864,1.7071,28.505
16.258,2.0297,29.972,2.0026,29.563
16.279,2.3044,31.065,2.2711,30.596
16.301,2.3125,30.81,2.2797,30.35
16.322,2.2289,30.058,2.1991,29.633
16.344,2.1166,29.133,2.0903,28.747
16.365,1.9833,28.069,1.9607,27.726
16.386,1.8367,26.905,1.8178,26.605
16.407,1.6842,25.675,1.6686,25.417
16.428,1.5317,24.414,1.5191,24.193
16.449,1.3839,23.146,1.3738,22.96
16.469,1.2441,21.895,1.236,21.739
16.49,1.1141,20.678,1.1078,20.547
16.51,0.99514,19.506,0.99015,19.397
16.531,0.88738,18.386,0.88348,18.296
16.551,0.79061,17.325,0.78756,17.25
16.572,0.70424,16.324,0.70186,16.261
16.592,0.6275,15.383,0.62563,15.331
16.612,0.55952,14.501,0.55806,14.457
16.632,0.49942,13.675,0.49827,13.639
16.652,0.44634,12.904,0.44544,12.874
16.672,0.39947,12.183,0.39876,12.158
16.692,0.35808,11.509,0.35752,11.488
16.712,0.3215,10.88,0.32105,10.862
16.732,0.28912,10.29,0.28876,10.275
16.752,0.26043,9.7374,0.26015,9.7248
16.771,0.23421,9.2181,0.23398,9.2075
16.791,0.18655,8.729,0.18637,8.72
16.811,0.13286,8.2607,0.13272,8.2532
16.831,0.11978,8.1133,0.11966,8.1065
16.851,0.12715,8.359,0.12702,8.3516
16.87,0.13631,8.6389,0.13615,8.6307
16.89,0.14623,8.931,0.14605,8.9218
16.91,0.15698,9.2355,0.15678,9.2254
16.93,0.16864,9.5529,0.16841,9.5416
16.95,0.18127,9.8834,0.18101,9.8709
16.97,0.19496,10.227,0.19465,10.213
16.99,0.20978,10.585,0.20942,10.569
17.01,0.22581,10.956,0.2254,10.939
17.03,0.24314,11.34,0.24267,11.321
17.05,0.26185,11.738,0.26131,11.717
17.07,0.28201,12.149,0.28139,12.125
17.09,0.3037,12.572,0.30298,12.546
17.11,0.32698,13.007,0.32616,12.978
17.13,0.3519,13.453,0.35096,13.421
17.151,0.3785,13.908,0.37742,13.872
17.171,0.40678,14.37,0.40554,14.331
17.191,0.43672,14.839,0.4353,14.795
17.211,0.46826,15.31,0.46664,15.262
17.232,0.50129,15.782,0.49946,15.729
17.252,0.53625,16.251,0.53417,16.193
17.273,0.65002,16.712,0.64768,16.648
17.293,0.87891,17.261,0.87604,17.188
17.313,0.94372,17.097,0.94058,17.022
17.333,0.79419,14.983,0.79227,14.932
17.353,0.62754,12.457,0.62659,12.427
17.373,0.47779,9.7844,0.47741,9.7699
17.392,0.35347,7.0169,0.35336,7.0113
17.412,0.26032,4.2015,0.2603,4.2001
17.431,0.20132,1.3814,0.20132,1.3813
17.45,0.17895,1.4037,0.17895,1.4037
17.469,0.14062,4.1199,0.14062,4.1194
17.488,0.070696,6.7302,0.070728,6.7274
17.507,-0.025666,9.2021,-0.025536,9.1944
17.525,-0.14222,11.505,-0.14188,11.489
17.544,-0.27194,13.609,-0.27123,13.583
17.562,-0.40735,15.491,-0.40613,15.452
17.581,-0.54313,17.129,-0.54126,17.076
17.599,-0.68819,18.503,-0.6856,18.436
17.618,-0.79013,19.552,-0.78678,19.471
17.636,-0.8103,20.033,-0.80661,19.947
17.655,-0.81822,20.495,-0.81427,20.404
17.673,-0.85943,21.348,-0.85492,21.247
17.691,-0.93792,22.618,-0.93239,22.499
17.709,-1.0622,24.354,-1.055,24.209
17.727,-1.2477,26.642,-1.2377,26.457
17.745,-1.5204,29.615,-1.5059,29.369
17.763,-1.9237,33.465,-1.901,33.121
17.781,-2.5299,38.468,-2.4923,37.965
17.798,-3.4619,45.016,-3.3958,44.246
17.816,-4.9308,53.651,-4.8067,52.42
17.832,-7.2949,65.092,-7.0476,63.034
17.849,-11.135,80.173,-10.617,76.614
17.866,-17.284,99.569,-16.169,93.317
17.882,-26.596,123.08,-24.236,112.28
17.898,-39.176,148.41,-34.565,130.96
17.914,-53.189,169.61,-45.369,144.57
17.93,-58.704,172.34,-49.356,144.72
17.946,-44.733,147.57,-38.848,127.97
17.962,-31.016,121.2,-27.921,108.95
17.979,-21.491,99.892,-19.891,92.336
17.996,-15.291,83.759,-14.434,78.978
18.013,-11.316,71.881,-10.826,68.708
18.03,-8.7543,63.26,-8.4509,61.027
18.047,-7.0864,57.097,-6.8819,55.423
18.065,-5.9994,52.818,-5.849,51.48
18.082,-5.307,50.033,-5.1866,48.893
18.099,-4.9011,48.494,-4.7963,47.461
18.117,-4.7243,48.058,-4.6253,47.063
18.134,-4.8054,48.661,-4.704,47.644
18.151,-5.1634,50.116,-5.0494,49.008
18.169,-5.442,51.122,-5.3158,49.933
18.186,-5.4076,50.927,-5.2829,49.75
18.203,-5.3441,50.63,-5.222,49.471
18.22,-5.2817,50.35,-5.1622,49.21
18.238,-5.2273,50.121,-5.11,48.996
18.255,-5.1872,49.971,-5.0714,48.856
18.272,-5.1663,49.925,-5.0513,48.814
18.29,-5.1692,50.002,-5.0539,48.889
18.307,-5.1995,50.218,-5.0826,49.094
18.324,-5.2601,50.584,-5.1405,49.439
18.341,-5.3532,51.104,-5.2294,49.929
18.359,-5.4803,51.779,-5.3507,50.563
18.376,-5.6418,52.602,-5.5048,51.334
18.393,-5.8366,53.559,-5.6906,52.228
18.41,-6.0621,54.626,-5.9053,53.222
18.427,-6.3131,55.769,-6.1439,54.285
18.445,-6.5813,56.945,-6.3986,55.374
18.462,-6.8552,58.097,-6.6583,56.436
18.479,-7.1197,59.159,-6.9088,57.412
18.496,-7.3563,60.058,-7.1326,58.235
18.513,-7.5536,60.716,-7.3195,58.833
18.53,-7.9186,60.999,-7.6776,59.079
18.547,-8.3126,59.753,-8.0591,57.808
18.565,-6.7396,51.475,-6.5702,50.072
18.583,-4.0999,38.415,-4.0399,37.774
18.601,-2.4127,27.284,-2.395,27.03
18.619,-1.4243,17.727,-1.4204,17.648
18.638,-0.92703,9.0939,-0.92659,9.08
18.657,-0.83127,0.81331,-0.83127,0.81326
18.677,-1.1291,7.6097,-1.1291,7.6094
18.698,-1.4198,16.555,-1.4202,16.528
18.72,-1.7357,25.879,-1.7392,25.748
18.745,-1.5057,34.473,-1.5142,34.169
18.774,1.253,43.404,1.2439,42.954
18.802,7.1172,76.272,6.5212,70.425
18.83,19.948,101.18,16.106,83.075
18.862,15.238,77.632,12.788,65.209
18.893,10.64,58.23,9.5515,51.623
18.923,7.7211,47.446,7.2326,43.904
18.95,5.4487,39.57,5.2346,37.685
18.977,3.8059,33.245,3.7109,32.224
19.002,2.6969,28.24,2.6523,27.661
19.027,1.9623,24.346,1.9397,23.998
19.052,1.4714,21.338,1.4589,21.115
19.076,1.1366,19.016,1.1292,18.865
19.1,0.90288,17.224,0.89817,17.115
19.123,0.73581,15.844,0.73258,15.762
19.147,0.61379,14.793,0.61142,14.727
19.171,0.52292,14.007,0.52108,13.953
19.194,0.45411,13.445,0.45259,13.398
19.217,0.40121,13.077,0.3999,13.034
19.241,0.35997,12.883,0.35876,12.842
19.264,0.32729,12.852,0.32612,12.812
19.288,0.30076,12.982,0.29957,12.941
19.311,0.27829,13.275,0.27702,13.232
19.335,0.2577,13.743,0.25628,13.695
19.359,0.2503,14.4,0.24863,14.346
19.383,0.36673,15.288,0.36464,15.223
19.407,0.53144,16.534,0.52832,16.448
19.432,0.63103,17.355,0.62701,17.252
19.456,0.69401,17.769,0.68949,17.657
19.48,0.75299,18.071,0.74805,17.952
19.505,0.80473,18.244,0.7995,18.12
19.529,0.84556,18.269,0.84019,18.144
19.553,0.87204,18.13,0.86674,18.007
19.578,0.8815,17.814,0.87648,17.697
19.602,0.87244,17.316,0.8679,17.208
19.625,0.84482,16.634,0.8409,16.538
19.649,0.8001,15.772,0.7969,15.691
19.673,0.74108,14.742,0.73862,14.676
19.696,0.67149,13.556,0.66972,13.505
19.719,0.5956,12.231,0.59441,12.194
19.742,0.51774,10.783,0.517,10.758
19.764,0.44199,9.2284,0.44159,9.2121
19.787,0.372,7.5803,0.37181,7.5712
19.809,0.31086,5.8507,0.31079,5.8464
19.831,0.26114,4.0486,0.26112,4.0471
19.853,0.22496,2.1807,0.22496,2.1804
19.875,0.20408,0.25224,0.20408,0.25224
19.896,0.19438,1.7326,0.19438,1.7326
19.917,0.058563,3.7688,0.058565,3.7683
19.939,-0.11474,5.7525,-0.1147,5.7498
19.96,-0.15556,6.5186,-0.15549,6.5141
19.981,-0.1408,6.0114,-0.14075,6.0078
20.003,-0.12503,5.45,-0.12499,5.4473
20.024,-0.11097,4.9006,-0.11095,4.8986
20.045,-0.098554,4.363,-0.098539,4.3616
20.067,-0.087703,3.8369,-0.087694,3.8359
20.089,-0.078343,3.3218,-0.078337,3.3212
20.11,-0.070397,2.8172,-0.070394,2.8168
20.132,-0.063795,2.3223,-0.063794,2.3221
20.153,-0.05847,1.8365,-0.05847,1.8364
20.175,-0.054361,1.359,-0.054361,1.3589
20.197,-0.05141,0.88888,-0.05141,0.88887
20.219,-0.04957,0.42548,-0.04957,0.42548
20.241,-0.048844,0.031971,-0.048844,0.031971
20.263,-0.048786,0.48451,-0.048786,0.48451
20.284,-0.047873,0.93269,-0.047873,0.93268
20.306,-0.046125,1.3772,-0.046125,1.3772
20.329,-0.043553,1.8188,-0.043554,1.8187
20.351,-0.040164,2.2579,-0.040164,2.2577
20.373,-0.035955,2.6951,-0.035957,2.6948
20.395,-0.030923,3.1308,-0.030925,3.1303
20.417,-0.025055,3.5653,-0.02506,3.5646
20.439,-0.01834,3.9989,-0.018348,3.9979
20.462,-0.01076,4.4316,-0.010773,4.4302
20.484,-0.0023002,4.8634,-0.0023192,4.8616
20.507,0.007057,5.2942,0.0070299,5.2918
20.529,0.017326,5.7235,0.017288,5.7204
20.552,0.028516,6.1509,0.028465,6.147
20.574,0.040633,6.5756,0.040566,6.5709
20.597,0.053671,6.9969,0.053584,6.9911
20.62,0.067616,7.4136,0.067505,7.4067
20.642,0.082439,7.8244,0.082299,7.8163
20.665,0.098095,8.228,0.097922,8.2184
20.688,0.11452,8.6225,0.11431,8.6115
20.711,0.13162,9.0063,0.13137,8.9936
20.734,0.1493,9.3773,0.149,9.3629
20.757,0.16742,9.7334,0.16707,9.7172
20.78,0.18582,10.072,0.18541,10.054
20.803,0.20431,10.392,0.20384,10.372
20.826,0.22269,10.69,0.22216,10.668
20.849,0.24073,10.964,0.24013,10.94
20.872,0.25819,11.212,0.25753,11.186
20.896,0.27481,11.432,0.2741,11.405
20.919,0.29037,11.622,0.2896,11.593
20.942,0.3046,11.781,0.30379,11.751
20.965,1.8342,11.867,1.8334,11.835
20.987,0.77583,13.723,0.77159,13.648
21.009,NaN,NaN,Inf,Inf
